"Data Source","World Development Indicators",

"Last Updated Date","2026-04-08",

"Country Name","Country Code","Indicator Name","Indicator Code","1960","1961","1962","1963","1964","1965","1966","1967","1968","1969","1970","1971","1972","1973","1974","1975","1976","1977","1978","1979","1980","1981","1982","1983","1984","1985","1986","1987","1988","1989","1990","1991","1992","1993","1994","1995","1996","1997","1998","1999","2000","2001","2002","2003","2004","2005","2006","2007","2008","2009","2010","2011","2012","2013","2014","2015","2016","2017","2018","2019","2020","2021","2022","2023","2024","2025",
"Aruba","ABW","Terrestrial protected areas (% of total land area)","ER.LND.PTLD.ZS","","","","","","","","","","","","","","","","","","","","","","","","","","","","","","","","","","","","","","","","","","","","","","","","","","","","","","0.5","0.5","0.5","0.5","18.9","18.9","18.9","18.9","18.9","18.9","18.9","19.7","26.9",
"Africa Eastern and Southern","AFE","Terrestrial protected areas (% of total land area)","ER.LND.PTLD.ZS","","","","","","","","","","","","","","","","","","","","","","","","","","","","","","","","","","","","","","","","","","","","","","","","","","","","","","17.086869605293","16.0030296461827","16.3117892883795","17.1557334219404","17.348464551841","16.8157567395741","16.3024231123292","16.7042938415749","16.7403780223373","16.8090178915884","17.3882656052614","17.8488872441796","17.8549781834805",
"Afghanistan","AFG","Terrestrial protected areas (% of total land area)","ER.LND.PTLD.ZS","","","","","","","","","","","","","","","","","","","","","","","","","","","","","","","","","","","","","","","","","","","","","","","","","","","","","","0.4","0.4","0.4","0.1","0.1","0.1","0.1","3.6","3.6","3.6","3.6","3.6","3.6",
"Africa Western and Central","AFW","Terrestrial protected areas (% of total land area)","ER.LND.PTLD.ZS","","","","","","","","","","","","","","","","","","","","","","","","","","","","","","","","","","","","","","","","","","","","","","","","","","","","","","15.1630552132799","15.1591892410023","15.1450877619426","15.4784258009167","15.689599221287","15.6950904093468","15.7141445920418","15.7604367402943","15.8625465520228","15.8655395991498","15.8655395991498","15.6437326935715","16.2678749373757",
"Angola","AGO","Terrestrial protected areas (% of total land area)","ER.LND.PTLD.ZS","","","","","","","","","","","","","","","","","","","","","","","","","","","","","","","","","","","","","","","","","","","","","","","","","","","","","","12.4","7","7","7","7","7","7","7","7","7","10.7","10.8","10.8",
"Albania","ALB","Terrestrial protected areas (% of total land area)","ER.LND.PTLD.ZS","","","","","","","","","","","","","","","","","","","","","","","","","","","","","","","","","","","","","","","","","","","","","","","","","","","","","","10.1","2.1","2.6","17.2","17.7","17.7","18.6","18.6","18.6","18.6","18.6","23.6","23.6",
"Andorra","AND","Terrestrial protected areas (% of total land area)","ER.LND.PTLD.ZS","","","","","","","","","","","","","","","","","","","","","","","","","","","","","","","","","","","","","","","","","","","","","","","","","","","","","","9.2","18.2","21.1","21.1","26.7","26.7","26.7","26.7","26.9","26.9","26.9","27.3","27.3",
"Arab World","ARB","Terrestrial protected areas (% of total land area)","ER.LND.PTLD.ZS","","","","","","","","","","","","","","","","","","","","","","","","","","","","","","","","","","","","","","","","","","","","","","","","","","","","","","8.65904283432484","11.7654445992368","9.40888182756531","5.11060899144159","5.22905574644432","5.23320349434772","4.97707023719303","3.59679071786378","3.55299443817181","3.55334314189466","5.21819932635685","6.15262335508417","6.3930725078411",
"United Arab Emirates","ARE","Terrestrial protected areas (% of total land area)","ER.LND.PTLD.ZS","","","","","","","","","","","","","","","","","","","","","","","","","","","","","","","","","","","","","","","","","","","","","","","","","","","","","","18.6","18.6","18.6","13.1","17.3","18","18","19.4","19.4","19.4","19.4","19.2","19.2",
"Argentina","ARG","Terrestrial protected areas (% of total land area)","ER.LND.PTLD.ZS","","","","","","","","","","","","","","","","","","","","","","","","","","","","","","","","","","","","","","","","","","","","","","","","","","","","","","6.8","8.6","8.7","8.9","8.9","8.5","8.5","8.5","8.5","8.7","8.7","8.8","8.8",
"Armenia","ARM","Terrestrial protected areas (% of total land area)","ER.LND.PTLD.ZS","","","","","","","","","","","","","","","","","","","","","","","","","","","","","","","","","","","","","","","","","","","","","","","","","","","","","","23.3","23.1","23.1","23.1","23.1","23.1","24.3","24.3","24.3","24.7","24.7","38.9","38.9",
"American Samoa","ASM","Terrestrial protected areas (% of total land area)","ER.LND.PTLD.ZS","","","","","","","","","","","","","","","","","","","","","","","","","","","","","","","","","","","","","","","","","","","","","","","","","","","","","","2.9","4","4","15.8","15.8","15.8","15.8","0.8","15.8","15.8","16.7","16.4","16.4",
"Antigua and Barbuda","ATG","Terrestrial protected areas (% of total land area)","ER.LND.PTLD.ZS","","","","","","","","","","","","","","","","","","","","","","","","","","","","","","","","","","","","","","","","","","","","","","","","","","","","","","10","19.3","19.3","19.3","18.6","18.6","18.6","21","19.9","19.9","19.9","16.5","16.5",
"Australia","AUS","Terrestrial protected areas (% of total land area)","ER.LND.PTLD.ZS","","","","","","","","","","","","","","","","","","","","","","","","","","","","","","","","","","","","","","","","","","","","","","","","","","","","","","12.9","14.6","14.7","17","19.3","19.3","19.4","20.3","20.4","20.4","20.4","22","22",
"Austria","AUT","Terrestrial protected areas (% of total land area)","ER.LND.PTLD.ZS","","","","","","","","","","","","","","","","","","","","","","","","","","","","","","","","","","","","","","","","","","","","","","","","","","","","","","24","28.3","28.4","27.6","28.4","28.4","28.4","29.1","29.3","29.5","29.5","29.6","29.6",
"Azerbaijan","AZE","Terrestrial protected areas (% of total land area)","ER.LND.PTLD.ZS","","","","","","","","","","","","","","","","","","","","","","","","","","","","","","","","","","","","","","","","","","","","","","","","","","","","","","11.8","10.2","10.2","10.2","10.2","10.2","10.2","10.2","10.2","10.2","10.2","22.1","22.1",
"Burundi","BDI","Terrestrial protected areas (% of total land area)","ER.LND.PTLD.ZS","","","","","","","","","","","","","","","","","","","","","","","","","","","","","","","","","","","","","","","","","","","","","","","","","","","","","","5","7","7","7.6","7.6","7.6","7.6","7.6","7.6","7.6","7.6","7.6","7.6",
"Belgium","BEL","Terrestrial protected areas (% of total land area)","ER.LND.PTLD.ZS","","","","","","","","","","","","","","","","","","","","","","","","","","","","","","","","","","","","","","","","","","","","","","","","","","","","","","22.9","22.8","22.8","23.3","23.3","23.3","24.9","15.4","15.5","15.6","15.6","16.3","16.4",
"Benin","BEN","Terrestrial protected areas (% of total land area)","ER.LND.PTLD.ZS","","","","","","","","","","","","","","","","","","","","","","","","","","","","","","","","","","","","","","","","","","","","","","","","","","","","","","29.6","29.6","28.9","29.6","29.6","29.6","29.6","29.6","29.6","29.6","29.6","29.7","36.1",
"Burkina Faso","BFA","Terrestrial protected areas (% of total land area)","ER.LND.PTLD.ZS","","","","","","","","","","","","","","","","","","","","","","","","","","","","","","","","","","","","","","","","","","","","","","","","","","","","","","15.8","15.8","15.8","15.1","14.9","14.9","14.9","16.4","16.4","16.4","16.4","16.5","16.8",
"Bangladesh","BGD","Terrestrial protected areas (% of total land area)","ER.LND.PTLD.ZS","","","","","","","","","","","","","","","","","","","","","","","","","","","","","","","","","","","","","","","","","","","","","","","","","","","","","","4.7","4.6","4.6","4.6","4.6","4.6","4.6","4.6","4.6","4.6","4.6","4.2","4.2",
"Bulgaria","BGR","Terrestrial protected areas (% of total land area)","ER.LND.PTLD.ZS","","","","","","","","","","","","","","","","","","","","","","","","","","","","","","","","","","","","","","","","","","","","","","","","","","","","","","45.2","40.6","40.6","34.7","34.7","34.7","40.6","41","41","41","41","44.3","44.3",
"Bahrain","BHR","Terrestrial protected areas (% of total land area)","ER.LND.PTLD.ZS","","","","","","","","","","","","","","","","","","","","","","","","","","","","","","","","","","","","","","","","","","","","","","","","","","","","","","17.8","17.8","6.6","6.6","6.6","6.6","6.6","6.6","6.6","13","13","11.7","11.7",
"Bahamas, The","BHS","Terrestrial protected areas (% of total land area)","ER.LND.PTLD.ZS","","","","","","","","","","","","","","","","","","","","","","","","","","","","","","","","","","","","","","","","","","","","","","","","","","","","","","13.3","13.3","31.2","31.2","36.6","36.6","36.6","36.6","36.6","36.6","36.6","34.6","34.6",
"Bosnia and Herzegovina","BIH","Terrestrial protected areas (% of total land area)","ER.LND.PTLD.ZS","","","","","","","","","","","","","","","","","","","","","","","","","","","","","","","","","","","","","","","","","","","","","","","","","","","","","","1.6","1.1","1.5","1.4","1.4","1.4","1.4","3.6","4","4.1","4.1","9.5","9.5",
"Belarus","BLR","Terrestrial protected areas (% of total land area)","ER.LND.PTLD.ZS","","","","","","","","","","","","","","","","","","","","","","","","","","","","","","","","","","","","","","","","","","","","","","","","","","","","","","8.3","8.6","8.8","9.5","9.4","9.4","9.4","9.4","13.8","13.8","13.8","9.4","9.2",
"Belize","BLZ","Terrestrial protected areas (% of total land area)","ER.LND.PTLD.ZS","","","","","","","","","","","","","","","","","","","","","","","","","","","","","","","","","","","","","","","","","","","","","","","","","","","","","","36.8","37.5","37.5","37.7","37.7","37.7","37.7","37.5","37.5","37.5","37.5","37.3","37.3",
"Bermuda","BMU","Terrestrial protected areas (% of total land area)","ER.LND.PTLD.ZS","","","","","","","","","","","","","","","","","","","","","","","","","","","","","","","","","","","","","","","","","","","","","","","","","","","","","","5.8","5.8","5.8","5.8","2.1","2.1","2.1","2.1","2.1","2.1","2.1","2.3","2.3",
"Bolivia","BOL","Terrestrial protected areas (% of total land area)","ER.LND.PTLD.ZS","","","","","","","","","","","","","","","","","","","","","","","","","","","","","","","","","","","","","","","","","","","","","","","","","","","","","","21.4","25.3","30.9","30.9","30.9","30.9","30.9","30.9","30.9","30.9","30.9","30.9","30.9",
"Brazil","BRA","Terrestrial protected areas (% of total land area)","ER.LND.PTLD.ZS","","","","","","","","","","","","","","","","","","","","","","","","","","","","","","","","","","","","","","","","","","","","","","","","","","","","","","26.4","28.5","28.5","28.9","28.9","29.4","30.3","30.3","30.3","30.3","30.6","30.6","30.6",
"Barbados","BRB","Terrestrial protected areas (% of total land area)","ER.LND.PTLD.ZS","","","","","","","","","","","","","","","","","","","","","","","","","","","","","","","","","","","","","","","","","","","","","","","","","","","","","","0.1","0.1","1.3","1.3","1.3","1.3","1.3","1.3","1.3","1.3","1.3","1.1","1.1",
"Brunei Darussalam","BRN","Terrestrial protected areas (% of total land area)","ER.LND.PTLD.ZS","","","","","","","","","","","","","","","","","","","","","","","","","","","","","","","","","","","","","","","","","","","","","","","","","","","","","","46.9","46.9","46.9","46.9","46.9","46.9","46.9","46.9","46.9","46.9","46.9","39.9","39.9",
"Bhutan","BTN","Terrestrial protected areas (% of total land area)","ER.LND.PTLD.ZS","","","","","","","","","","","","","","","","","","","","","","","","","","","","","","","","","","","","","","","","","","","","","","","","","","","","","","28.8","48","48","48","48","48","48","49.7","49.7","49.7","49.7","51.6","51.6",
"Botswana","BWA","Terrestrial protected areas (% of total land area)","ER.LND.PTLD.ZS","","","","","","","","","","","","","","","","","","","","","","","","","","","","","","","","","","","","","","","","","","","","","","","","","","","","","","29.1","29.1","29.1","29.1","29.1","29.1","29.1","29.1","29.1","29.1","29.1","29.1","27.6",
"Central African Republic","CAF","Terrestrial protected areas (% of total land area)","ER.LND.PTLD.ZS","","","","","","","","","","","","","","","","","","","","","","","","","","","","","","","","","","","","","","","","","","","","","","","","","","","","","","18.1","18.1","18.1","18.1","18.1","18.1","18.1","18.1","18.1","18.1","18.1","14.8","14.8",
"Canada","CAN","Terrestrial protected areas (% of total land area)","ER.LND.PTLD.ZS","","","","","","","","","","","","","","","","","","","","","","","","","","","","","","","","","","","","","","","","","","","","","","","","","","","","","","9.4","9.4","9.3","9.7","9.7","9.6","11","9.9","11.9","12.7","12.8","12.9","12.9",
"Central Europe and the Baltics","CEB","Terrestrial protected areas (% of total land area)","ER.LND.PTLD.ZS","","","","","","","","","","","","","","","","","","","","","","","","","","","","","","","","","","","","","","","","","","","","","","","","","","","","","","27.7059594759452","27.9491534682722","27.9842225704692","30.0938873110787","30.1810147002833","30.1939847652734","30.7878409903014","30.5641907423815","30.5739178759367","30.6105070056245","30.6105070056245","31.0076348718529","30.9936330485619",
"Switzerland","CHE","Terrestrial protected areas (% of total land area)","ER.LND.PTLD.ZS","","","","","","","","","","","","","","","","","","","","","","","","","","","","","","","","","","","","","","","","","","","","","","","","","","","","","","24.8","9.7","9.7","9.7","9.7","9.7","10","12","12.1","12.1","12.1","12.5","12.5",
"Channel Islands","CHI","Terrestrial protected areas (% of total land area)","ER.LND.PTLD.ZS","","","","","","","","","","","","","","","","","","","","","","","","","","","","","","","","","","","","","","","","","","","","","","","","","","","","","","","","","","","","","","","","","","",
"Chile","CHL","Terrestrial protected areas (% of total land area)","ER.LND.PTLD.ZS","","","","","","","","","","","","","","","","","","","","","","","","","","","","","","","","","","","","","","","","","","","","","","","","","","","","","","18.3","18.3","18.3","18.4","18.4","18.5","20.4","20.9","20.9","21","21","21.6","21.6",
"China","CHN","Terrestrial protected areas (% of total land area)","ER.LND.PTLD.ZS","","","","","","","","","","","","","","","","","","","","","","","","","","","","","","","","","","","","","","","","","","","","","","","","","","","","","","17","17.1","17.1","17.1","17.1","15.6","15.6","15.6","15.6","15.6","15.6","15.6","15.6",
"Cote d'Ivoire","CIV","Terrestrial protected areas (% of total land area)","ER.LND.PTLD.ZS","","","","","","","","","","","","","","","","","","","","","","","","","","","","","","","","","","","","","","","","","","","","","","","","","","","","","","22.9","22.9","22.9","22.9","22.9","22.9","23","23","23","23","23","22.8","22.9",
"Cameroon","CMR","Terrestrial protected areas (% of total land area)","ER.LND.PTLD.ZS","","","","","","","","","","","","","","","","","","","","","","","","","","","","","","","","","","","","","","","","","","","","","","","","","","","","","","11","11","10.9","10.6","10.6","10.6","10.9","10.9","11","11","11","11","11",
"Congo, Dem. Rep.","COD","Terrestrial protected areas (% of total land area)","ER.LND.PTLD.ZS","","","","","","","","","","","","","","","","","","","","","","","","","","","","","","","","","","","","","","","","","","","","","","","","","","","","","","12.9","12.7","12.7","12.7","13.8","13.8","13.8","13.8","13.8","13.9","13.9","14.9","14.9",
"Congo, Rep.","COG","Terrestrial protected areas (% of total land area)","ER.LND.PTLD.ZS","","","","","","","","","","","","","","","","","","","","","","","","","","","","","","","","","","","","","","","","","","","","","","","","","","","","","","36.4","37.1","37.1","40.6","40.6","40.7","40.7","36.8","36.8","36.8","36.8","36.8","36.6",
"Colombia","COL","Terrestrial protected areas (% of total land area)","ER.LND.PTLD.ZS","","","","","","","","","","","","","","","","","","","","","","","","","","","","","","","","","","","","","","","","","","","","","","","","","","","","","","23.1","23.2","13.9","14.2","14.2","14.8","14.8","16.9","16.9","16.4","16.4","17","17.2",
"Comoros","COM","Terrestrial protected areas (% of total land area)","ER.LND.PTLD.ZS","","","","","","","","","","","","","","","","","","","","","","","","","","","","","","","","","","","","","","","","","","","","","","","","","","","","","","10.2","10.2","10.2","10.2","10.2","10.2","10.2","33.8","33.8","33.8","33.8","33.7","33.7",
"Cabo Verde","CPV","Terrestrial protected areas (% of total land area)","ER.LND.PTLD.ZS","","","","","","","","","","","","","","","","","","","","","","","","","","","","","","","","","","","","","","","","","","","","","","","","","","","","","","2.5","2.6","2.6","2.6","2.9","2.9","2.9","2.9","2.9","2.9","2.9","17.6","17.6",
"Costa Rica","CRI","Terrestrial protected areas (% of total land area)","ER.LND.PTLD.ZS","","","","","","","","","","","","","","","","","","","","","","","","","","","","","","","","","","","","","","","","","","","","","","","","","","","","","","27.6","27.6","27.6","27.6","27.6","27.6","28.3","28.4","28.4","26.6","26.6","26.5","26.6",
"Caribbean small states","CSS","Terrestrial protected areas (% of total land area)","ER.LND.PTLD.ZS","","","","","","","","","","","","","","","","","","","","","","","","","","","","","","","","","","","","","","","","","","","","","","","","","","","","","","12.8557840740696","12.9165513309485","13.5064068323667","13.5174708245249","13.6969796290815","13.6974430725009","13.6058152969573","13.5971836384625","13.5959413719265","13.5959413719265","13.5959413719265","13.565078769255","13.565078769255",
"Cuba","CUB","Terrestrial protected areas (% of total land area)","ER.LND.PTLD.ZS","","","","","","","","","","","","","","","","","","","","","","","","","","","","","","","","","","","","","","","","","","","","","","","","","","","","","","12.4","12.4","12.4","16.6","16.6","16.6","16.2","16.2","16.2","16.2","16.2","15.6","15.6",
"Curacao","CUW","Terrestrial protected areas (% of total land area)","ER.LND.PTLD.ZS","","","","","","","","","","","","","","","","","","","","","","","","","","","","","","","","","","","","","","","","","","","","","","","","","","","","","","7.8","7.8","15.5","15.5","15.5","15.7","15.7","15.7","15.7","15.7","15.7","16.7","16.5",
"Cayman Islands","CYM","Terrestrial protected areas (% of total land area)","ER.LND.PTLD.ZS","","","","","","","","","","","","","","","","","","","","","","","","","","","","","","","","","","","","","","","","","","","","","","","","","","","","","","8.7","8.7","8.7","10.8","10.8","10.8","10.8","10.8","10.8","10.8","10.8","8.8","8.8",
"Cyprus","CYP","Terrestrial protected areas (% of total land area)","ER.LND.PTLD.ZS","","","","","","","","","","","","","","","","","","","","","","","","","","","","","","","","","","","","","","","","","","","","","","","","","","","","","","20.6","18.4","18.4","18.7","18.7","37.4","38.5","38.6","38.7","38.7","38.7","38.6","38.6",
"Czechia","CZE","Terrestrial protected areas (% of total land area)","ER.LND.PTLD.ZS","","","","","","","","","","","","","","","","","","","","","","","","","","","","","","","","","","","","","","","","","","","","","","","","","","","","","","21.9","21.8","21.7","22.1","22.2","22.2","22.2","22.2","22.2","22.2","22.2","21.9","21.9",
"Germany","DEU","Terrestrial protected areas (% of total land area)","ER.LND.PTLD.ZS","","","","","","","","","","","","","","","","","","","","","","","","","","","","","","","","","","","","","","","","","","","","","","","","","","","","","","37.9","37.4","37.4","37.8","37.8","37.8","37.4","37.8","37.5","37.6","37.6","39.3","39.2",
"Djibouti","DJI","Terrestrial protected areas (% of total land area)","ER.LND.PTLD.ZS","","","","","","","","","","","","","","","","","","","","","","","","","","","","","","","","","","","","","","","","","","","","","","","","","","","","","","0.1","1.6","1.6","1.6","1.6","1.6","1.6","1.6","1.6","1.6","1.6","1.6","1.6",
"Dominica","DMA","Terrestrial protected areas (% of total land area)","ER.LND.PTLD.ZS","","","","","","","","","","","","","","","","","","","","","","","","","","","","","","","","","","","","","","","","","","","","","","","","","","","","","","21.6","21.6","22","22","22","22","22","22","22","22","22","21.4","21.4",
"Denmark","DNK","Terrestrial protected areas (% of total land area)","ER.LND.PTLD.ZS","","","","","","","","","","","","","","","","","","","","","","","","","","","","","","","","","","","","","","","","","","","","","","","","","","","","","","17.5","25.6","25.6","18.1","26.1","18.1","17.2","17","17","17","17","15.8","16.4",
"Dominican Republic","DOM","Terrestrial protected areas (% of total land area)","ER.LND.PTLD.ZS","","","","","","","","","","","","","","","","","","","","","","","","","","","","","","","","","","","","","","","","","","","","","","","","","","","","","","22.3","23","23","23","23","26.2","26.2","26.2","26.2","26.4","26.4","26.2","26.3",
"Algeria","DZA","Terrestrial protected areas (% of total land area)","ER.LND.PTLD.ZS","","","","","","","","","","","","","","","","","","","","","","","","","","","","","","","","","","","","","","","","","","","","","","","","","","","","","","7.5","7.5","7.5","7.5","7.5","7.5","7.5","4.6","4.6","4.6","4.6","4.7","4.7",
"East Asia & Pacific (excluding high income)","EAP","Terrestrial protected areas (% of total land area)","ER.LND.PTLD.ZS","","","","","","","","","","","","","","","","","","","","","","","","","","","","","","","","","","","","","","","","","","","","","","","","","","","","","","15.3162253794172","15.4405438908351","15.4761093829812","15.4842056854089","15.5135270771862","14.6418052665466","14.66296853288","14.9311192771715","14.9404150968256","14.9407783935403","14.9450958263285","14.9173890512168","14.9220561040139",
"Early-demographic dividend","EAR","Terrestrial protected areas (% of total land area)","ER.LND.PTLD.ZS","","","","","","","","","","","","","","","","","","","","","","","","","","","","","","","","","","","","","","","","","","","","","","","","","","","","","","14.3476668256902","14.4849603497545","14.7315295430288","13.0134927112654","13.0617553614473","12.8314448239089","12.8699215893806","12.8009760124978","13.1713336700614","13.2260146995163","13.988765229441","14.4344945516549","14.4195346064982",
"East Asia & Pacific","EAS","Terrestrial protected areas (% of total land area)","ER.LND.PTLD.ZS","","","","","","","","","","","","","","","","","","","","","","","","","","","","","","","","","","","","","","","","","","","","","","","","","","","","","","14.705083149846","15.4294996286212","15.4838538369037","16.3789676480726","17.1207517457741","16.5561830277346","16.6221512862724","17.0904948698209","17.1339458725665","17.1341835085171","17.1369153373489","17.6181701068772","17.6260704451846",
"Europe & Central Asia (excluding high income)","ECA","Terrestrial protected areas (% of total land area)","ER.LND.PTLD.ZS","","","","","","","","","","","","","","","","","","","","","","","","","","","","","","","","","","","","","","","","","","","","","","","","","","","","","","4.35208536786902","4.02098669635087","4.0337030460631","4.13215197935135","4.13640136718465","4.13640136718465","4.18633581071825","7.45271062186398","9.41824961410097","9.46197179692975","9.73965566220013","10.7087658208436","11.0904203321082",
"Europe & Central Asia","ECS","Terrestrial protected areas (% of total land area)","ER.LND.PTLD.ZS","","","","","","","","","","","","","","","","","","","","","","","","","","","","","","","","","","","","","","","","","","","","","","","","","","","","","","14.286074893881","13.2273661944907","13.234917711147","13.3324453228295","13.3607860172246","13.3537656829661","13.3733392315572","15.0667059798673","15.6358110975652","15.6434520587976","15.5034159871192","15.8588366986626","15.9455137883386",
"Ecuador","ECU","Terrestrial protected areas (% of total land area)","ER.LND.PTLD.ZS","","","","","","","","","","","","","","","","","","","","","","","","","","","","","","","","","","","","","","","","","","","","","","","","","","","","","","25.6","25.7","20","20","20","21.7","21.7","22.4","23.2","23.4","23.5","23.6","23.8",
"Egypt, Arab Rep.","EGY","Terrestrial protected areas (% of total land area)","ER.LND.PTLD.ZS","","","","","","","","","","","","","","","","","","","","","","","","","","","","","","","","","","","","","","","","","","","","","","","","","","","","","","13.1","13.1","13.1","13.1","13.1","13.1","13.1","13.1","13.1","13.1","13.1","13.2","13.1",
"Euro area","EMU","Terrestrial protected areas (% of total land area)","ER.LND.PTLD.ZS","","","","","","","","","","","","","","","","","","","","","","","","","","","","","","","","","","","","","","","","","","","","","","","","","","","","","","25.7435060573956","25.9033692124719","25.9373127313388","26.0429212667558","26.1053651721325","26.1593363204446","26.1803802259993","26.2604884131572","26.3704444497817","26.4989091368423","26.4989091368423","26.7945003562651","26.8535143996022",
"Eritrea","ERI","Terrestrial protected areas (% of total land area)","ER.LND.PTLD.ZS","","","","","","","","","","","","","","","","","","","","","","","","","","","","","","","","","","","","","","","","","","","","","","","","","","","","","","4.9","4.9","4.9","4.9","4.9","4.9","4.9","4.9","0","0","0","0","0",
"Spain","ESP","Terrestrial protected areas (% of total land area)","ER.LND.PTLD.ZS","","","","","","","","","","","","","","","","","","","","","","","","","","","","","","","","","","","","","","","","","","","","","","","","","","","","","","29.8","27.9","28","28","28","28.1","28.1","28.1","28.1","28.1","28.1","28.1","28.1",
"Estonia","EST","Terrestrial protected areas (% of total land area)","ER.LND.PTLD.ZS","","","","","","","","","","","","","","","","","","","","","","","","","","","","","","","","","","","","","","","","","","","","","","","","","","","","","","20.1","20.1","20.1","20.2","20.2","20.2","20.6","21.2","21.3","21.4","21.4","22","21.6",
"Ethiopia","ETH","Terrestrial protected areas (% of total land area)","ER.LND.PTLD.ZS","","","","","","","","","","","","","","","","","","","","","","","","","","","","","","","","","","","","","","","","","","","","","","","","","","","","","","18.5","18.5","18.5","18.5","18.5","17.6","17.6","16.1","17","17","17","17","17",
"European Union","EUU","Terrestrial protected areas (% of total land area)","ER.LND.PTLD.ZS","","","","","","","","","","","","","","","","","","","","","","","","","","","","","","","","","","","","","","","","","","","","","","","","","","","","","","25.1983687813778","25.1471037304662","25.1906277050929","25.7043547707764","25.898783902159","25.8478135560333","25.9560605032779","26.0148006027255","26.0895081934081","26.2821103615777","26.2821103615777","26.5691975888467","26.6417040416636",
"Fragile and conflict affected situations","FCS","Terrestrial protected areas (% of total land area)","ER.LND.PTLD.ZS","","","","","","","","","","","","","","","","","","","","","","","","","","","","","","","","","","","","","","","","","","","","","","","","","","","","","","12.9081788448649","12.6718354403713","12.754797601975","13.0504050166172","13.1786080418838","13.1015409251851","12.721736868325","13.2068618299417","13.4865047197958","13.4995916456297","13.5212037818058","13.6492435238702","13.8734061561763",
"Finland","FIN","Terrestrial protected areas (% of total land area)","ER.LND.PTLD.ZS","","","","","","","","","","","","","","","","","","","","","","","","","","","","","","","","","","","","","","","","","","","","","","","","","","","","","","14.9","15","15","15","15","15","13.3","13.3","13.3","13.4","13.4","13.6","13.9",
"Fiji","FJI","Terrestrial protected areas (% of total land area)","ER.LND.PTLD.ZS","","","","","","","","","","","","","","","","","","","","","","","","","","","","","","","","","","","","","","","","","","","","","","","","","","","","","","4.4","4.4","5.4","5.4","5.4","5.4","5.4","5.4","5.4","5.4","5.4","3.9","3.9",
"France","FRA","Terrestrial protected areas (% of total land area)","ER.LND.PTLD.ZS","","","","","","","","","","","","","","","","","","","","","","","","","","","","","","","","","","","","","","","","","","","","","","","","","","","","","","25.4","25.6","25.6","25.8","26","25.8","26.3","27.3","28","28.4","28.4","28.6","28.8",
"Faroe Islands","FRO","Terrestrial protected areas (% of total land area)","ER.LND.PTLD.ZS","","","","","","","","","","","","","","","","","","","","","","","","","","","","","","","","","","","","","","","","","","","","","","","","","","","","","","2.9","2.3","2.3","2.3","2.3","2.3","2.3","2.3","2.3","2.3","2.3","2.4","2.4",
"Micronesia, Fed. Sts.","FSM","Terrestrial protected areas (% of total land area)","ER.LND.PTLD.ZS","","","","","","","","","","","","","","","","","","","","","","","","","","","","","","","","","","","","","","","","","","","","","","","","","","","","","","4.3","4.2","4.2","0","0","0","0","0","0","0","0","0","0",
"Gabon","GAB","Terrestrial protected areas (% of total land area)","ER.LND.PTLD.ZS","","","","","","","","","","","","","","","","","","","","","","","","","","","","","","","","","","","","","","","","","","","","","","","","","","","","","","20","20.1","20.1","20.1","22.4","22.4","22.4","22.4","22.4","22.4","22.4","22.7","22.6",
"United Kingdom","GBR","Terrestrial protected areas (% of total land area)","ER.LND.PTLD.ZS","","","","","","","","","","","","","","","","","","","","","","","","","","","","","","","","","","","","","","","","","","","","","","","","","","","","","","28","28.8","28.7","28.2","28.7","28.7","28.7","28.7","27.8","27.8","27.8","28.4","28.4",
"Georgia","GEO","Terrestrial protected areas (% of total land area)","ER.LND.PTLD.ZS","","","","","","","","","","","","","","","","","","","","","","","","","","","","","","","","","","","","","","","","","","","","","","","","","","","","","","7.8","8.3","8.3","8.3","8.3","8.3","9.3","9.3","9.3","11.1","11.1","22.8","22.8",
"Ghana","GHA","Terrestrial protected areas (% of total land area)","ER.LND.PTLD.ZS","","","","","","","","","","","","","","","","","","","","","","","","","","","","","","","","","","","","","","","","","","","","","","","","","","","","","","15.1","15.1","15.1","15.1","15.1","15","15","14.8","14.8","14.8","14.8","14.8","15.3",
"Gibraltar","GIB","Terrestrial protected areas (% of total land area)","ER.LND.PTLD.ZS","","","","","","","","","","","","","","","","","","","","","","","","","","","","","","","","","","","","","","","","","","","","","","","","","","","","","","4.7","32.4","32.4","32.4","32.4","32.4","32.4","4.7","4.7","0","0","26.4","27",
"Guinea","GIN","Terrestrial protected areas (% of total land area)","ER.LND.PTLD.ZS","","","","","","","","","","","","","","","","","","","","","","","","","","","","","","","","","","","","","","","","","","","","","","","","","","","","","","30.7","30.7","30.7","30.7","35.6","35.6","35.6","35.8","37.6","37.6","37.6","37.6","42.6",
"Gambia, The","GMB","Terrestrial protected areas (% of total land area)","ER.LND.PTLD.ZS","","","","","","","","","","","","","","","","","","","","","","","","","","","","","","","","","","","","","","","","","","","","","","","","","","","","","","4.1","4.1","4.1","4.1","4.1","4.1","4.1","7.7","7.7","7.7","7.7","7.6","7.7",
"Guinea-Bissau","GNB","Terrestrial protected areas (% of total land area)","ER.LND.PTLD.ZS","","","","","","","","","","","","","","","","","","","","","","","","","","","","","","","","","","","","","","","","","","","","","","","","","","","","","","16.2","16.2","16.2","16.7","16.7","16.7","16.7","26.3","26.3","27.1","27.1","26.2","26.2",
"Equatorial Guinea","GNQ","Terrestrial protected areas (% of total land area)","ER.LND.PTLD.ZS","","","","","","","","","","","","","","","","","","","","","","","","","","","","","","","","","","","","","","","","","","","","","","","","","","","","","","23.3","23.3","23.3","19.3","19.3","19.3","19.3","19.3","19.3","19.3","19.3","19","19",
"Greece","GRC","Terrestrial protected areas (% of total land area)","ER.LND.PTLD.ZS","","","","","","","","","","","","","","","","","","","","","","","","","","","","","","","","","","","","","","","","","","","","","","","","","","","","","","35.1","35","35","35","35","35.2","35.2","35.2","35.2","35.2","35.2","35","35",
"Grenada","GRD","Terrestrial protected areas (% of total land area)","ER.LND.PTLD.ZS","","","","","","","","","","","","","","","","","","","","","","","","","","","","","","","","","","","","","","","","","","","","","","","","","","","","","","2.2","2.2","9.3","9.3","9.3","9.8","9.8","9.5","9.5","9.5","9.5","8.8","8.8",
"Greenland","GRL","Terrestrial protected areas (% of total land area)","ER.LND.PTLD.ZS","","","","","","","","","","","","","","","","","","","","","","","","","","","","","","","","","","","","","","","","","","","","","","","","","","","","","","41.2","41.2","41.2","41.3","41.2","41.2","41.1","41.1","41.6","41.1","41.1","41.9","41.9",
"Guatemala","GTM","Terrestrial protected areas (% of total land area)","ER.LND.PTLD.ZS","","","","","","","","","","","","","","","","","","","","","","","","","","","","","","","","","","","","","","","","","","","","","","","","","","","","","","31.7","31.7","31.7","31.7","31.7","20","20","20.1","20.1","20.1","20.1","20.1","20.1",
"Guam","GUM","Terrestrial protected areas (% of total land area)","ER.LND.PTLD.ZS","","","","","","","","","","","","","","","","","","","","","","","","","","","","","","","","","","","","","","","","","","","","","","","","","","","","","","27.1","21.9","21.9","22.5","22.5","22.5","22.5","2.7","4.5","4.5","4.5","4.2","4.2",
"Guyana","GUY","Terrestrial protected areas (% of total land area)","ER.LND.PTLD.ZS","","","","","","","","","","","","","","","","","","","","","","","","","","","","","","","","","","","","","","","","","","","","","","","","","","","","","","8.7","8.7","8.7","8.7","8.7","8.7","8.5","8.5","8.5","8.5","8.5","8.4","8.4",
"High income","HIC","Terrestrial protected areas (% of total land area)","ER.LND.PTLD.ZS","","","","","","","","","","","","","","","","","","","","","","","","","","","","","","","","","","","","","","","","","","","","","","","","","","","","","","14.8512852745389","14.4714851844539","14.4741221893522","14.0198184068043","14.466405966005","14.3639490131772","14.6715987614556","14.9820084065966","15.6613334334943","15.8039896484847","16.0772522326654","16.611280072783","16.6575323835348",
"Hong Kong SAR, China","HKG","Terrestrial protected areas (% of total land area)","ER.LND.PTLD.ZS","","","","","","","","","","","","","","","","","","","","","","","","","","","","","","","","","","","","","","","","","","","","","","","","","","","","","","42.1","42.1","41.9","41.9","41.9","41.9","41.9","41.9","41.9","41.9","41.9","42","42",
"Honduras","HND","Terrestrial protected areas (% of total land area)","ER.LND.PTLD.ZS","","","","","","","","","","","","","","","","","","","","","","","","","","","","","","","","","","","","","","","","","","","","","","","","","","","","","","21.2","27.9","28","28.4","28.4","23.9","23.9","23.5","23.5","23.5","23.5","23.4","23",
"Heavily indebted poor countries (HIPC)","HPC","Terrestrial protected areas (% of total land area)","ER.LND.PTLD.ZS","","","","","","","","","","","","","","","","","","","","","","","","","","","","","","","","","","","","","","","","","","","","","","","","","","","","","","15.2291382915849","15.4027266178192","15.804157372179","16.4012520067982","16.6188945587992","16.5804466339127","16.1879974227634","16.5069860055548","16.5777260620764","16.6006112433974","16.6726967046632","16.8433030538478","17.1759245945228",
"Croatia","HRV","Terrestrial protected areas (% of total land area)","ER.LND.PTLD.ZS","","","","","","","","","","","","","","","","","","","","","","","","","","","","","","","","","","","","","","","","","","","","","","","","","","","","","","13.8","38","38","38.2","38.3","38.3","38.3","38.4","38.4","38.5","38.5","38.4","38.4",
"Haiti","HTI","Terrestrial protected areas (% of total land area)","ER.LND.PTLD.ZS","","","","","","","","","","","","","","","","","","","","","","","","","","","","","","","","","","","","","","","","","","","","","","","","","","","","","","0.3","0.3","0.3","0.3","1.9","1.9","7.1","7.1","8.6","8.6","8.6","8.6","8.6",
"Hungary","HUN","Terrestrial protected areas (% of total land area)","ER.LND.PTLD.ZS","","","","","","","","","","","","","","","","","","","","","","","","","","","","","","","","","","","","","","","","","","","","","","","","","","","","","","23.2","22.6","22.6","22.6","22.6","22.6","22.6","22.6","22.6","22.6","22.6","22.6","22.3",
"IBRD only","IBD","Terrestrial protected areas (% of total land area)","ER.LND.PTLD.ZS","","","","","","","","","","","","","","","","","","","","","","","","","","","","","","","","","","","","","","","","","","","","","","","","","","","","","","14.6763528065363","15.1128678518183","14.6925970406112","14.721795554574","14.7385413198388","14.5350277587854","14.6876182948415","15.2376242655522","15.4730931332531","15.4948740626505","15.5952830877034","15.7591614653225","15.7293836551794",
"IDA & IBRD total","IBT","Terrestrial protected areas (% of total land area)","ER.LND.PTLD.ZS","","","","","","","","","","","","","","","","","","","","","","","","","","","","","","","","","","","","","","","","","","","","","","","","","","","","","","14.5200634150849","14.80753746604","14.5167806292209","14.6615747246487","14.7169459683776","14.5529648195606","14.6023444364941","15.11562109224","15.3033371680673","15.3228646630161","15.4401872171002","15.6657513386581","15.7323652964707",
"IDA total","IDA","Terrestrial protected areas (% of total land area)","ER.LND.PTLD.ZS","","","","","","","","","","","","","","","","","","","","","","","","","","","","","","","","","","","","","","","","","","","","","","","","","","","","","","14.0724015568367","13.932986083025","14.0131933909375","14.4890854718569","14.655090858743","14.604341564355","14.3641690738539","14.7748583941515","14.8291977047634","14.84243121058","15.0069943524612","15.4048507731003","15.7406932147274",
"IDA blend","IDB","Terrestrial protected areas (% of total land area)","ER.LND.PTLD.ZS","","","","","","","","","","","","","","","","","","","","","","","","","","","","","","","","","","","","","","","","","","","","","","","","","","","","","","14.7342905394573","14.4321113573331","14.4273578424884","14.7184644653839","14.7187146810584","14.7260106903024","14.8263090775702","14.7731832722771","14.782619945267","14.7590288708925","15.180813610028","16.501434210033","16.8827461647719",
"Indonesia","IDN","Terrestrial protected areas (% of total land area)","ER.LND.PTLD.ZS","","","","","","","","","","","","","","","","","","","","","","","","","","","","","","","","","","","","","","","","","","","","","","","","","","","","","","14.8","11.8","11.9","11.9","11.9","12.2","12.2","12.2","12.2","12.2","12.2","12","12",
"IDA only","IDX","Terrestrial protected areas (% of total land area)","ER.LND.PTLD.ZS","","","","","","","","","","","","","","","","","","","","","","","","","","","","","","","","","","","","","","","","","","","","","","","","","","","","","","13.9081624707416","13.8091365627531","13.9104254661729","14.4321689425384","14.6393036800982","14.5741514224085","14.2530335589637","14.7752612277745","14.8403987331151","14.8624878208922","14.9651942647558","15.1411441822329","15.4660521068071",
"Isle of Man","IMN","Terrestrial protected areas (% of total land area)","ER.LND.PTLD.ZS","","","","","","","","","","","","","","","","","","","","","","","","","","","","","","","","","","","","","","","","","","","","","","","","","","","","","","","","0.3","3.7","3.7","5.5","5.5","5.5","5.5","5.5","5.8","4.6","4.6",
"India","IND","Terrestrial protected areas (% of total land area)","ER.LND.PTLD.ZS","","","","","","","","","","","","","","","","","","","","","","","","","","","","","","","","","","","","","","","","","","","","","","","","","","","","","","5.9","5.9","6","6","6","6","6","6","7.5","7.5","7.5","7.7","7.7",
"Not classified","INX","Terrestrial protected areas (% of total land area)","ER.LND.PTLD.ZS","","","","","","","","","","","","","","","","","","","","","","","","","","","","","","","","","","","","","","","","","","","","","","","","","","","","","","","","","","","","","","","","","","",
"Ireland","IRL","Terrestrial protected areas (% of total land area)","ER.LND.PTLD.ZS","","","","","","","","","","","","","","","","","","","","","","","","","","","","","","","","","","","","","","","","","","","","","","","","","","","","","","14.3","14.4","14.4","14.4","14.4","14.4","14.4","14.4","14.4","14.4","14.4","14.4","14.2",
"Iran, Islamic Rep.","IRN","Terrestrial protected areas (% of total land area)","ER.LND.PTLD.ZS","","","","","","","","","","","","","","","","","","","","","","","","","","","","","","","","","","","","","","","","","","","","","","","","","","","","","","7.2","7.2","7.2","8.6","8.6","8.6","8.6","8.6","8.6","8.6","8.6","8.6","7.8",
"Iraq","IRQ","Terrestrial protected areas (% of total land area)","ER.LND.PTLD.ZS","","","","","","","","","","","","","","","","","","","","","","","","","","","","","","","","","","","","","","","","","","","","","","","","","","","","","","0.3","0.9","0.9","1.5","1.5","1.5","1.5","1.5","1.5","1.5","1.5","1.5","1.5",
"Iceland","ISL","Terrestrial protected areas (% of total land area)","ER.LND.PTLD.ZS","","","","","","","","","","","","","","","","","","","","","","","","","","","","","","","","","","","","","","","","","","","","","","","","","","","","","","20.2","16.7","16.7","17.4","18.2","18.2","19.5","19.9","20.3","20.8","20.8","20.9","20.9",
"Israel","ISR","Terrestrial protected areas (% of total land area)","ER.LND.PTLD.ZS","","","","","","","","","","","","","","","","","","","","","","","","","","","","","","","","","","","","","","","","","","","","","","","","","","","","","","19.9","19.9","19.9","19.9","19.9","19.9","24.5","24.5","24.5","24.5","24.5","27.6","27.6",
"Italy","ITA","Terrestrial protected areas (% of total land area)","ER.LND.PTLD.ZS","","","","","","","","","","","","","","","","","","","","","","","","","","","","","","","","","","","","","","","","","","","","","","","","","","","","","","21.4","21.5","21.5","21.5","21.5","21.5","21.5","21.5","21.5","21.6","21.6","21.6","21.5",
"Jamaica","JAM","Terrestrial protected areas (% of total land area)","ER.LND.PTLD.ZS","","","","","","","","","","","","","","","","","","","","","","","","","","","","","","","","","","","","","","","","","","","","","","","","","","","","","","15.9","15.9","15.9","15.9","15.9","15.9","15.9","15.9","16.2","20","20","19.9","19.9",
"Jordan","JOR","Terrestrial protected areas (% of total land area)","ER.LND.PTLD.ZS","","","","","","","","","","","","","","","","","","","","","","","","","","","","","","","","","","","","","","","","","","","","","","","","","","","","","","1.5","1.7","1.7","1.7","1.8","1.8","3.1","4.5","4.5","4.5","4.5","5.4","5.4",
"Japan","JPN","Terrestrial protected areas (% of total land area)","ER.LND.PTLD.ZS","","","","","","","","","","","","","","","","","","","","","","","","","","","","","","","","","","","","","","","","","","","","","","","","","","","","","","16.4","19.4","19.4","29.4","29.4","29.4","29.4","29.4","29.7","29.7","29.7","29.5","29.7",
"Kazakhstan","KAZ","Terrestrial protected areas (% of total land area)","ER.LND.PTLD.ZS","","","","","","","","","","","","","","","","","","","","","","","","","","","","","","","","","","","","","","","","","","","","","","","","","","","","","","3.3","3.3","3.3","3.3","3.3","3.3","3.3","10","10","10","10","10.1","10.1",
"Kenya","KEN","Terrestrial protected areas (% of total land area)","ER.LND.PTLD.ZS","","","","","","","","","","","","","","","","","","","","","","","","","","","","","","","","","","","","","","","","","","","","","","","","","","","","","","14.3","12.2","12.2","12.4","12.4","12.4","12.4","12.4","12.4","12.2","12.2","14","13.9",
"Kyrgyz Republic","KGZ","Terrestrial protected areas (% of total land area)","ER.LND.PTLD.ZS","","","","","","","","","","","","","","","","","","","","","","","","","","","","","","","","","","","","","","","","","","","","","","","","","","","","","","6.5","6.5","6.5","6.7","6.7","6.7","6.7","6.7","6.7","6.7","6.7","6.8","6.8",
"Cambodia","KHM","Terrestrial protected areas (% of total land area)","ER.LND.PTLD.ZS","","","","","","","","","","","","","","","","","","","","","","","","","","","","","","","","","","","","","","","","","","","","","","","","","","","","","","26.3","26","26","26","26","26","26","39.7","39.7","39.7","39.7","39.8","39.8",
"Kiribati","KIR","Terrestrial protected areas (% of total land area)","ER.LND.PTLD.ZS","","","","","","","","","","","","","","","","","","","","","","","","","","","","","","","","","","","","","","","","","","","","","","","","","","","","","","22.2","22.2","22.2","22.4","22.4","22.4","22.4","22.4","22.4","22.4","22.4","22.9","22.9",
"St. Kitts and Nevis","KNA","Terrestrial protected areas (% of total land area)","ER.LND.PTLD.ZS","","","","","","","","","","","","","","","","","","","","","","","","","","","","","","","","","","","","","","","","","","","","","","","","","","","","","","3.3","3.3","3.3","3.3","3.3","3.3","22.9","22.9","22.9","22.9","22.9","16.9","16.9",
"Korea, Rep.","KOR","Terrestrial protected areas (% of total land area)","ER.LND.PTLD.ZS","","","","","","","","","","","","","","","","","","","","","","","","","","","","","","","","","","","","","","","","","","","","","","","","","","","","","","6.6","7.6","7.6","11.2","11.2","11.7","15.7","16.7","17","17","17","17.4","17.7",
"Kuwait","KWT","Terrestrial protected areas (% of total land area)","ER.LND.PTLD.ZS","","","","","","","","","","","","","","","","","","","","","","","","","","","","","","","","","","","","","","","","","","","","","","","","","","","","","","18.8","18.8","18.8","17.5","17.5","17.5","17.1","17.1","17.1","17.1","17","17.1","17.1",
"Latin America & Caribbean (excluding high income)","LAC","Terrestrial protected areas (% of total land area)","ER.LND.PTLD.ZS","","","","","","","","","","","","","","","","","","","","","","","","","","","","","","","","","","","","","","","","","","","","","","","","","","","","","","21.1680840537054","22.8128048003731","22.4991117095781","22.123532645534","22.125938358855","22.4425492560222","22.8835681384393","22.9174640886066","22.9811356393561","23.0110058395981","23.1528879624384","23.2922433746396","23.2769143047849",
"Lao PDR","LAO","Terrestrial protected areas (% of total land area)","ER.LND.PTLD.ZS","","","","","","","","","","","","","","","","","","","","","","","","","","","","","","","","","","","","","","","","","","","","","","","","","","","","","","16.7","16.7","16.7","16.7","16.7","16.7","16.7","18.7","18.7","18.7","19","18.8","18.8",
"Lebanon","LBN","Terrestrial protected areas (% of total land area)","ER.LND.PTLD.ZS","","","","","","","","","","","","","","","","","","","","","","","","","","","","","","","","","","","","","","","","","","","","","","","","","","","","","","0.6","2.6","2.6","2.6","2.6","2.6","2.6","2.6","1.9","1.9","1.9","7.9","13",
"Liberia","LBR","Terrestrial protected areas (% of total land area)","ER.LND.PTLD.ZS","","","","","","","","","","","","","","","","","","","","","","","","","","","","","","","","","","","","","","","","","","","","","","","","","","","","","","2.5","2.5","2.5","2.5","4.1","4.1","4.1","4.1","4.1","4.1","4.1","4","4",
"Libya","LBY","Terrestrial protected areas (% of total land area)","ER.LND.PTLD.ZS","","","","","","","","","","","","","","","","","","","","","","","","","","","","","","","","","","","","","","","","","","","","","","","","","","","","","","0.1","0.2","0.2","0.2","0.2","0.2","0.2","0.1","0.1","0.1","0.1","0.1","0.1",
"St. Lucia","LCA","Terrestrial protected areas (% of total land area)","ER.LND.PTLD.ZS","","","","","","","","","","","","","","","","","","","","","","","","","","","","","","","","","","","","","","","","","","","","","","","","","","","","","","16.9","16.8","18.7","18.7","18.7","18.7","18.7","18.7","18.7","18.7","18.7","18.2","18.2",
"Latin America & Caribbean","LCN","Terrestrial protected areas (% of total land area)","ER.LND.PTLD.ZS","","","","","","","","","","","","","","","","","","","","","","","","","","","","","","","","","","","","","","","","","","","","","","","","","","","","","","22.2556090158495","23.7212371151228","23.4532917750359","23.1283794107803","23.1342255407212","23.4200896562751","23.8854255904535","24.1016203131246","24.1565990121683","24.1823875717694","24.308513984469","24.4424062033982","24.4290595876248",
"Least developed countries: UN classification","LDC","Terrestrial protected areas (% of total land area)","ER.LND.PTLD.ZS","","","","","","","","","","","","","","","","","","","","","","","","","","","","","","","","","","","","","","","","","","","","","","","","","","","","","","13.7672829774634","13.2294983200147","13.3068660762955","13.8299017312396","14.0377905559121","13.9991129653594","13.6988398150355","14.3238961906258","14.389286038118","14.4114606988366","14.7399521889455","14.9177434297471","15.2373174149506",
"Low income","LIC","Terrestrial protected areas (% of total land area)","ER.LND.PTLD.ZS","","","","","","","","","","","","","","","","","","","","","","","","","","","","","","","","","","","","","","","","","","","","","","","","","","","","","","11.1838198499342","10.8174840133632","10.9429648015792","11.273821794878","11.501347816856","11.5513385738993","11.0139947988243","11.8444663869627","11.8184330275168","11.8375099890805","11.8375099890805","12.0896210879261","12.4104291527743",
"Liechtenstein","LIE","Terrestrial protected areas (% of total land area)","ER.LND.PTLD.ZS","","","","","","","","","","","","","","","","","","","","","","","","","","","","","","","","","","","","","","","","","","","","","","","","","","","","","","42.2","42.2","42.2","42.2","11.9","11.9","42.2","42.6","42.6","42.6","42.6","44.8","44.8",
"Sri Lanka","LKA","Terrestrial protected areas (% of total land area)","ER.LND.PTLD.ZS","","","","","","","","","","","","","","","","","","","","","","","","","","","","","","","","","","","","","","","","","","","","","","","","","","","","","","22","23.2","29.9","29.9","29.9","29.9","29.9","29.9","29.9","29.9","29.9","30","30.8",
"Lower middle income","LMC","Terrestrial protected areas (% of total land area)","ER.LND.PTLD.ZS","","","","","","","","","","","","","","","","","","","","","","","","","","","","","","","","","","","","","","","","","","","","","","","","","","","","","","15.4408969516837","17.2678952134508","16.1608918471099","16.5794103244678","16.6389856055489","16.5916108233721","16.7673358694076","16.2518175113849","16.4938773962119","16.497971183468","17.0511919831404","17.4539945192371","17.6731401652346",
"Low & middle income","LMY","Terrestrial protected areas (% of total land area)","ER.LND.PTLD.ZS","","","","","","","","","","","","","","","","","","","","","","","","","","","","","","","","","","","","","","","","","","","","","","","","","","","","","","14.4975337836291","15.2364199445947","14.8659586663637","15.0230549168474","15.0918539054136","14.8956817509347","14.9269756227605","15.1551732820503","15.3807316045326","15.4052704867452","15.5764096977794","15.8320345762676","15.9165628638256",
"Lesotho","LSO","Terrestrial protected areas (% of total land area)","ER.LND.PTLD.ZS","","","","","","","","","","","","","","","","","","","","","","","","","","","","","","","","","","","","","","","","","","","","","","","","","","","","","","0.2","0.3","0.3","0.3","0.3","0.3","0.3","0.5","0.5","0.5","21.3","23.4","23.4",
"Late-demographic dividend","LTE","Terrestrial protected areas (% of total land area)","ER.LND.PTLD.ZS","","","","","","","","","","","","","","","","","","","","","","","","","","","","","","","","","","","","","","","","","","","","","","","","","","","","","","15.6293686663855","16.3304411072758","15.4990143770691","15.6634871530521","15.6892312168111","15.4955907706712","15.7098767367951","16.6359066216669","16.632250705467","16.6277630295361","16.6488719161134","16.9107567845671","16.9673706660822",
"Lithuania","LTU","Terrestrial protected areas (% of total land area)","ER.LND.PTLD.ZS","","","","","","","","","","","","","","","","","","","","","","","","","","","","","","","","","","","","","","","","","","","","","","","","","","","","","","16.9","16.9","16.9","16.9","17","17","17","17","17.1","17.1","17.1","17.8","18",
"Luxembourg","LUX","Terrestrial protected areas (% of total land area)","ER.LND.PTLD.ZS","","","","","","","","","","","","","","","","","","","","","","","","","","","","","","","","","","","","","","","","","","","","","","","","","","","","","","37.3","34.9","32.5","42","40.9","40.9","51.2","51.2","51.3","55.8","55.8","38.7","39.1",
"Latvia","LVA","Terrestrial protected areas (% of total land area)","ER.LND.PTLD.ZS","","","","","","","","","","","","","","","","","","","","","","","","","","","","","","","","","","","","","","","","","","","","","","","","","","","","","","18.2","18.2","18.2","18.2","18.2","18.2","18.2","18.2","18.2","18.2","18.2","18.5","18.8",
"Macao SAR, China","MAC","Terrestrial protected areas (% of total land area)","ER.LND.PTLD.ZS","","","","","","","","","","","","","","","","","","","","","","","","","","","","","","","","","","","","","","","","","","","","","","","","","","","","","","","","","","","","","","","","","","",
"St. Martin (French part)","MAF","Terrestrial protected areas (% of total land area)","ER.LND.PTLD.ZS","","","","","","","","","","","","","","","","","","","","","","","","","","","","","","","","","","","","","","","","","","","","","","","","","","","","","","12.2","8.7","8.7","16.3","12.8","12.8","12.8","12.8","12.8","12.8","12.8","9.3","9.3",
"Morocco","MAR","Terrestrial protected areas (% of total land area)","ER.LND.PTLD.ZS","","","","","","","","","","","","","","","","","","","","","","","","","","","","","","","","","","","","","","","","","","","","","","","","","","","","","","2.5","100","30.8","30.8","30.8","30.8","30.8","4.3","2.2","2.2","2.2","2.1","2.1",
"Monaco","MCO","Terrestrial protected areas (% of total land area)","ER.LND.PTLD.ZS","","","","","","","","","","","","","","","","","","","","","","","","","","","","","","","","","","","","","","","","","","","","","","","","","","","","","","23","23","23","33.2","33.2","33.2","33.2","33.2","10.2","10.2","10.2","20.9","20.9",
"Moldova","MDA","Terrestrial protected areas (% of total land area)","ER.LND.PTLD.ZS","","","","","","","","","","","","","","","","","","","","","","","","","","","","","","","","","","","","","","","","","","","","","","","","","","","","","","4.2","4.2","4.2","4.2","4.2","4.2","4.2","4.2","11.4","11.4","11.4","11.5","11.5",
"Madagascar","MDG","Terrestrial protected areas (% of total land area)","ER.LND.PTLD.ZS","","","","","","","","","","","","","","","","","","","","","","","","","","","","","","","","","","","","","","","","","","","","","","","","","","","","","","5","5","5","5.2","5.6","5.6","5.6","7.5","7.5","7.5","7.5","12.7","12.8",
"Maldives","MDV","Terrestrial protected areas (% of total land area)","ER.LND.PTLD.ZS","","","","","","","","","","","","","","","","","","","","","","","","","","","","","","","","","","","","","","","","","","","","","","","","","","","","","","","0.7","1.1","1.1","1.2","1.2","1.2","2.3","2.3","2.3","2.3","3","3",
"Middle East, North Africa, Afghanistan & Pakistan","MEA","Terrestrial protected areas (% of total land area)","ER.LND.PTLD.ZS","","","","","","","","","","","","","","","","","","","","","","","","","","","","","","","","","","","","","","","","","","","","","","","","","","","","","","9.96038471411624","13.0692976858659","10.745931289581","6.63389207163307","6.75006143284525","6.75415078209992","6.77111968057293","5.51978917100881","5.47430792250757","5.47467004186527","7.20357803078423","8.63290917652179","8.6916966458622",
"Mexico","MEX","Terrestrial protected areas (% of total land area)","ER.LND.PTLD.ZS","","","","","","","","","","","","","","","","","","","","","","","","","","","","","","","","","","","","","","","","","","","","","","","","","","","","","","12.9","13.7","13.7","14.5","14.5","14.5","14.5","14.5","14.5","14.6","14.6","15.3","15.3",
"Marshall Islands","MHL","Terrestrial protected areas (% of total land area)","ER.LND.PTLD.ZS","","","","","","","","","","","","","","","","","","","","","","","","","","","","","","","","","","","","","","","","","","","","","","","","","","","","","","3.3","15.9","11.9","11.9","11.9","11.9","11.9","11.9","11.9","11.9","11.9","16.6","16.1",
"Middle income","MIC","Terrestrial protected areas (% of total land area)","ER.LND.PTLD.ZS","","","","","","","","","","","","","","","","","","","","","","","","","","","","","","","","","","","","","","","","","","","","","","","","","","","","","","15.1862313999341","16.1548142193811","15.6812805360419","15.8022638231635","15.8380010183917","15.5906734721033","15.779808553013","15.8767408004172","16.1571334502269","16.1828627563137","16.3913017041456","16.6476924097931","16.6807235947859",
"North Macedonia","MKD","Terrestrial protected areas (% of total land area)","ER.LND.PTLD.ZS","","","","","","","","","","","","","","","","","","","","","","","","","","","","","","","","","","","","","","","","","","","","","","","","","","","","","","9.7","9.7","9.7","9.7","9.7","9.7","10.6","9","12.5","15.4","15.4","28.2","29",
"Mali","MLI","Terrestrial protected areas (% of total land area)","ER.LND.PTLD.ZS","","","","","","","","","","","","","","","","","","","","","","","","","","","","","","","","","","","","","","","","","","","","","","","","","","","","","","9.1","8.3","8.3","8.2","8.2","8.2","8.2","7.5","7.5","7.5","7.5","7.5","7.5",
"Malta","MLT","Terrestrial protected areas (% of total land area)","ER.LND.PTLD.ZS","","","","","","","","","","","","","","","","","","","","","","","","","","","","","","","","","","","","","","","","","","","","","","","","","","","","","","23","23.2","23.2","24.1","30.3","30.3","30.2","30.6","30.6","30.6","30.6","28.9","29",
"Myanmar","MMR","Terrestrial protected areas (% of total land area)","ER.LND.PTLD.ZS","","","","","","","","","","","","","","","","","","","","","","","","","","","","","","","","","","","","","","","","","","","","","","","","","","","","","","7.2","7.1","7.1","7.2","7.2","6.4","6.4","6.6","6.6","6.6","6.6","6.6","6.7",
"Middle East, North Africa, Afghanistan & Pakistan (excluding high income)","MNA","Terrestrial protected areas (% of total land area)","ER.LND.PTLD.ZS","","","","","","","","","","","","","","","","","","","","","","","","","","","","","","","","","","","","","","","","","","","","","","","","","","","","","","5.62275734397294","9.73898303958588","6.85358199035716","7.13378080897078","7.13549933801821","7.13549933801821","7.14742872434881","5.57994823217768","5.49170111185705","5.49170111185705","5.49271311224466","6.11445876114279","5.9683634848136",
"Montenegro","MNE","Terrestrial protected areas (% of total land area)","ER.LND.PTLD.ZS","","","","","","","","","","","","","","","","","","","","","","","","","","","","","","","","","","","","","","","","","","","","","","","","","","","","","","14.6","4.1","4.1","4.1","6.4","6.4","10.5","13.8","13.8","13.9","13.9","21.7","22.2",
"Mongolia","MNG","Terrestrial protected areas (% of total land area)","ER.LND.PTLD.ZS","","","","","","","","","","","","","","","","","","","","","","","","","","","","","","","","","","","","","","","","","","","","","","","","","","","","","","13.8","17.4","17.4","17.4","17.7","17.7","17.7","19.8","19.8","19.8","19.8","19.8","19.8",
"Northern Mariana Islands","MNP","Terrestrial protected areas (% of total land area)","ER.LND.PTLD.ZS","","","","","","","","","","","","","","","","","","","","","","","","","","","","","","","","","","","","","","","","","","","","","","","","","","","","","","3.4","100","7.6","7.7","7.7","7.7","7.7","7.7","7.7","7.7","2.8","2.8","2.8",
"Mozambique","MOZ","Terrestrial protected areas (% of total land area)","ER.LND.PTLD.ZS","","","","","","","","","","","","","","","","","","","","","","","","","","","","","","","","","","","","","","","","","","","","","","","","","","","","","","18","17.2","19.3","21.6","21.6","21.6","21.6","29.5","29.5","29.5","29.5","29.5","29.5",
"Mauritania","MRT","Terrestrial protected areas (% of total land area)","ER.LND.PTLD.ZS","","","","","","","","","","","","","","","","","","","","","","","","","","","","","","","","","","","","","","","","","","","","","","","","","","","","","","0.6","0.6","0.6","0.6","0.6","0.6","0.6","0.6","0.6","0.6","0.6","0.6","0.6",
"Mauritius","MUS","Terrestrial protected areas (% of total land area)","ER.LND.PTLD.ZS","","","","","","","","","","","","","","","","","","","","","","","","","","","","","","","","","","","","","","","","","","","","","","","","","","","","","","4.5","4.5","4.7","4.7","4.7","4.7","4.7","4.7","4.7","4.7","4.7","5","5",
"Malawi","MWI","Terrestrial protected areas (% of total land area)","ER.LND.PTLD.ZS","","","","","","","","","","","","","","","","","","","","","","","","","","","","","","","","","","","","","","","","","","","","","","","","","","","","","","16.9","16.9","16.9","16.9","17.4","22.9","22.9","22.9","22.9","22.9","22.9","23.1","23.1",
"Malaysia","MYS","Terrestrial protected areas (% of total land area)","ER.LND.PTLD.ZS","","","","","","","","","","","","","","","","","","","","","","","","","","","","","","","","","","","","","","","","","","","","","","","","","","","","","","19.1","19.1","19.1","19.1","19.1","19.1","19.1","13.3","13.3","13.3","13.3","13.3","13.3",
"North America","NAC","Terrestrial protected areas (% of total land area)","ER.LND.PTLD.ZS","","","","","","","","","","","","","","","","","","","","","","","","","","","","","","","","","","","","","","","","","","","","","","","","","","","","","","11.4498001709568","11.2057747432083","11.154580201595","11.3105532824986","11.5545649152793","11.2593449459175","11.9760685285041","10.827267544161","12.436819403024","12.8463757359307","12.8487651919943","12.8999604792816","12.8999604792816",
"Namibia","NAM","Terrestrial protected areas (% of total land area)","ER.LND.PTLD.ZS","","","","","","","","","","","","","","","","","","","","","","","","","","","","","","","","","","","","","","","","","","","","","","","","","","","","","","44","37.9","37.9","37.9","37.9","37.9","37.9","37.9","37.9","37.9","39.9","39.9","39.9",
"New Caledonia","NCL","Terrestrial protected areas (% of total land area)","ER.LND.PTLD.ZS","","","","","","","","","","","","","","","","","","","","","","","","","","","","","","","","","","","","","","","","","","","","","","","","","","","","","","52.9","52.6","54.6","54.4","54","54.4","59.7","59.7","59.7","59.7","59.7","59.6","59.6",
"Niger","NER","Terrestrial protected areas (% of total land area)","ER.LND.PTLD.ZS","","","","","","","","","","","","","","","","","","","","","","","","","","","","","","","","","","","","","","","","","","","","","","","","","","","","","","16.7","17.3","17.3","17.3","17.3","17.3","17.3","18.2","18.2","18.2","18.2","18.2","21",
"Nigeria","NGA","Terrestrial protected areas (% of total land area)","ER.LND.PTLD.ZS","","","","","","","","","","","","","","","","","","","","","","","","","","","","","","","","","","","","","","","","","","","","","","","","","","","","","","13.9","13.9","13.9","13.9","13.9","13.9","13.9","13.9","13.9","13.9","13.9","13.9","13.9",
"Nicaragua","NIC","Terrestrial protected areas (% of total land area)","ER.LND.PTLD.ZS","","","","","","","","","","","","","","","","","","","","","","","","","","","","","","","","","","","","","","","","","","","","","","","","","","","","","","37.2","37.2","37.2","37.2","37.2","37.2","37.2","21.3","21.3","21.3","21.3","21.2","21.2",
"Netherlands","NLD","Terrestrial protected areas (% of total land area)","ER.LND.PTLD.ZS","","","","","","","","","","","","","","","","","","","","","","","","","","","","","","","","","","","","","","","","","","","","","","","","","","","","","","17.6","11.4","11.3","11.3","11.2","11.2","22.5","22.5","22.5","22.5","22.5","22.9","22.9",
"Norway","NOR","Terrestrial protected areas (% of total land area)","ER.LND.PTLD.ZS","","","","","","","","","","","","","","","","","","","","","","","","","","","","","","","","","","","","","","","","","","","","","","","","","","","","","","16.8","16.9","16.9","17","17.1","17.1","16.8","17.6","29.9","30.5","17.7","17.8","17.8",
"Nepal","NPL","Terrestrial protected areas (% of total land area)","ER.LND.PTLD.ZS","","","","","","","","","","","","","","","","","","","","","","","","","","","","","","","","","","","","","","","","","","","","","","","","","","","","","","17.2","23.5","23.4","23.6","23.6","23.6","23.6","23.6","23.6","23.6","23.6","23.6","23.6",
"Nauru","NRU","Terrestrial protected areas (% of total land area)","ER.LND.PTLD.ZS","","","","","","","","","","","","","","","","","","","","","","","","","","","","","","","","","","","","","","","","","","","","","","","","","","","","","","","","","","","","","","0","0","0","0","0",
"New Zealand","NZL","Terrestrial protected areas (% of total land area)","ER.LND.PTLD.ZS","","","","","","","","","","","","","","","","","","","","","","","","","","","","","","","","","","","","","","","","","","","","","","","","","","","","","","27.3","32.5","32.5","32.5","32.5","32.8","32.8","33.4","33.4","33.4","33.4","33.4","33.4",
"OECD members","OED","Terrestrial protected areas (% of total land area)","ER.LND.PTLD.ZS","","","","","","","","","","","","","","","","","","","","","","","","","","","","","","","","","","","","","","","","","","","","","","","","","","","","","","13.8913402211105","14.1055840790455","13.8152279664664","14.6151680538615","15.248855817417","15.1078527635892","15.5533604172972","15.2360805406809","16.3599908167886","16.592198290308","16.4811381951798","16.9371660378655","16.9543970101855",
"Oman","OMN","Terrestrial protected areas (% of total land area)","ER.LND.PTLD.ZS","","","","","","","","","","","","","","","","","","","","","","","","","","","","","","","","","","","","","","","","","","","","","","","","","","","","","","10.6","2.6","2.6","2.6","2.6","2.6","2.6","2.6","3.6","3.6","3.9","22","28.9",
"Other small states","OSS","Terrestrial protected areas (% of total land area)","ER.LND.PTLD.ZS","","","","","","","","","","","","","","","","","","","","","","","","","","","","","","","","","","","","","","","","","","","","","","","","","","","","","","18.0000906483173","19.0282620504964","19.1334199055246","19.6567950027268","20.0734995410166","20.6834084175812","21.6337036666309","22.4496726203304","22.6148450588129","22.8181631686918","22.8181631686918","23.6915368944652","23.651604090919",
"Pakistan","PAK","Terrestrial protected areas (% of total land area)","ER.LND.PTLD.ZS","","","","","","","","","","","","","","","","","","","","","","","","","","","","","","","","","","","","","","","","","","","","","","","","","","","","","","12.3","12.3","12.3","12.3","12.3","12.3","12.3","12.3","12.3","12.3","12.3","19.2","19.1",
"Panama","PAN","Terrestrial protected areas (% of total land area)","ER.LND.PTLD.ZS","","","","","","","","","","","","","","","","","","","","","","","","","","","","","","","","","","","","","","","","","","","","","","","","","","","","","","20.9","20.9","20.9","20.9","20.9","20.9","20.9","31.9","31.4","31.4","31.4","31.4","31.4",
"Peru","PER","Terrestrial protected areas (% of total land area)","ER.LND.PTLD.ZS","","","","","","","","","","","","","","","","","","","","","","","","","","","","","","","","","","","","","","","","","","","","","","","","","","","","","","31.3","31.5","31.5","21.3","21.3","21.3","21.5","21.6","22.3","22.5","22.5","22.5","22.1",
"Philippines","PHL","Terrestrial protected areas (% of total land area)","ER.LND.PTLD.ZS","","","","","","","","","","","","","","","","","","","","","","","","","","","","","","","","","","","","","","","","","","","","","","","","","","","","","","10.9","15.3","15.3","15.3","15.3","15.3","15.4","15.4","15.9","15.9","15.9","16","16",
"Palau","PLW","Terrestrial protected areas (% of total land area)","ER.LND.PTLD.ZS","","","","","","","","","","","","","","","","","","","","","","","","","","","","","","","","","","","","","","","","","","","","","","","","","","","","","","16","24.9","24.9","28","28","28","44.2","44.2","44.2","44.2","44.2","31.4","31.4",
"Papua New Guinea","PNG","Terrestrial protected areas (% of total land area)","ER.LND.PTLD.ZS","","","","","","","","","","","","","","","","","","","","","","","","","","","","","","","","","","","","","","","","","","","","","","","","","","","","","","3.1","3.1","3.1","3.1","3.1","3.1","3.7","3.7","3.7","3.7","3.7","3.7","3.7",
"Poland","POL","Terrestrial protected areas (% of total land area)","ER.LND.PTLD.ZS","","","","","","","","","","","","","","","","","","","","","","","","","","","","","","","","","","","","","","","","","","","","","","","","","","","","","","35.4","30","30","39.6","39.7","39.7","39.7","39.5","39.5","39.6","39.6","39.6","39.6",
"Pre-demographic dividend","PRE","Terrestrial protected areas (% of total land area)","ER.LND.PTLD.ZS","","","","","","","","","","","","","","","","","","","","","","","","","","","","","","","","","","","","","","","","","","","","","","","","","","","","","","14.1920596037079","13.5776455439032","13.6544150576175","14.2389511265558","14.4446270370591","14.4858100810253","14.1725339975016","14.6645234717889","14.6806042888296","14.6967990663592","14.9911159717936","15.210332151254","15.5220020215096",
"Puerto Rico (US)","PRI","Terrestrial protected areas (% of total land area)","ER.LND.PTLD.ZS","","","","","","","","","","","","","","","","","","","","","","","","","","","","","","","","","","","","","","","","","","","","","","","","","","","","","","8","7.4","7.4","7.3","7.3","7.3","7.3","7.2","7.4","7.4","6.7","6.6","6.6",
"Korea, Dem. People's Rep.","PRK","Terrestrial protected areas (% of total land area)","ER.LND.PTLD.ZS","","","","","","","","","","","","","","","","","","","","","","","","","","","","","","","","","","","","","","","","","","","","","","","","","","","","","","2.4","2.4","2.4","2.4","2.4","2.4","2.4","2.4","2.4","2.4","2.4","2.4","2.4",
"Portugal","PRT","Terrestrial protected areas (% of total land area)","ER.LND.PTLD.ZS","","","","","","","","","","","","","","","","","","","","","","","","","","","","","","","","","","","","","","","","","","","","","","","","","","","","","","23.1","22.2","22.7","23","22.9","22.9","22.9","22.9","22.9","22.9","22.9","22.8","23",
"Paraguay","PRY","Terrestrial protected areas (% of total land area)","ER.LND.PTLD.ZS","","","","","","","","","","","","","","","","","","","","","","","","","","","","","","","","","","","","","","","","","","","","","","","","","","","","","","6.5","6.5","6.5","6.5","6.5","14.3","14.3","14.3","14.3","14.3","14.3","14.9","14.9",
"West Bank and Gaza","PSE","Terrestrial protected areas (% of total land area)","ER.LND.PTLD.ZS","","","","","","","","","","","","","","","","","","","","","","","","","","","","","","","","","","","","","","","","","","","","","","","","","","","","","","","","","","8.4","8.4","8.4","8.4","8.4","8.4","10","10","10",
"Pacific island small states","PSS","Terrestrial protected areas (% of total land area)","ER.LND.PTLD.ZS","","","","","","","","","","","","","","","","","","","","","","","","","","","","","","","","","","","","","","","","","","","","","","","","","","","","","","3.99445646307357","4.11236308055554","4.38040180383516","4.35553721785339","4.37705105959704","4.37705105959704","4.29348897581951","4.33221389095807","4.33074576951375","4.41752287100826","4.41752287100826","4.09116610557451","4.20551743101539",
"Post-demographic dividend","PST","Terrestrial protected areas (% of total land area)","ER.LND.PTLD.ZS","","","","","","","","","","","","","","","","","","","","","","","","","","","","","","","","","","","","","","","","","","","","","","","","","","","","","","13.3652027230357","13.6987033256486","13.697085094346","14.4441146300222","15.155542346606","14.9727064882759","15.4415341210419","15.0087520155388","16.3010217283028","16.5727741104086","16.4474149493142","16.9408586374593","16.9577781344604",
"French Polynesia","PYF","Terrestrial protected areas (% of total land area)","ER.LND.PTLD.ZS","","","","","","","","","","","","","","","","","","","","","","","","","","","","","","","","","","","","","","","","","","","","","","","","","","","","","","1.1","2","2","2","2","2","2","2","2","2","2","1.8","5.6",
"Qatar","QAT","Terrestrial protected areas (% of total land area)","ER.LND.PTLD.ZS","","","","","","","","","","","","","","","","","","","","","","","","","","","","","","","","","","","","","","","","","","","","","","","","","","","","","","2.4","2.4","2.4","2.4","13.2","13.2","13.2","15.8","15.8","15.8","15.8","15.6","15.6",
"Romania","ROU","Terrestrial protected areas (% of total land area)","ER.LND.PTLD.ZS","","","","","","","","","","","","","","","","","","","","","","","","","","","","","","","","","","","","","","","","","","","","","","","","","","","","","","19.4","24.2","24.4","24.3","24.5","24.5","24.5","24.5","24.5","24.5","24.5","24.6","24.6",
"Russian Federation","RUS","Terrestrial protected areas (% of total land area)","ER.LND.PTLD.ZS","","","","","","","","","","","","","","","","","","","","","","","","","","","","","","","","","","","","","","","","","","","","","","","","","","","","","","11.4","9.7","9.7","9.7","9.7","9.7","9.7","11.5","11.5","11.5","11.4","11.5","11.5",
"Rwanda","RWA","Terrestrial protected areas (% of total land area)","ER.LND.PTLD.ZS","","","","","","","","","","","","","","","","","","","","","","","","","","","","","","","","","","","","","","","","","","","","","","","","","","","","","","10.7","9.6","8.8","9.1","9.1","9.1","9.1","9.1","9.1","9.1","9.1","9.1","9.1",
"South Asia","SAS","Terrestrial protected areas (% of total land area)","ER.LND.PTLD.ZS","","","","","","","","","","","","","","","","","","","","","","","","","","","","","","","","","","","","","","","","","","","","","","","","","","","","","","6.90941687245173","7.41907457462499","7.63259183649081","7.64114000593009","7.6411488226522","7.6411488226522","7.6411488226522","7.66088940268487","8.98955821161921","8.98955821161921","8.98955821161921","9.1744358491451","9.18986010694826",
"Saudi Arabia","SAU","Terrestrial protected areas (% of total land area)","ER.LND.PTLD.ZS","","","","","","","","","","","","","","","","","","","","","","","","","","","","","","","","","","","","","","","","","","","","","","","","","","","","","","31.3","31.3","31.3","4.3","4.8","4.8","4.8","4.8","4.8","4.8","15.6","18.5","18.5",
"Sudan","SDN","Terrestrial protected areas (% of total land area)","ER.LND.PTLD.ZS","","","","","","","","","","","","","","","","","","","","","","","","","","","","","","","","","","","","","","","","","","","","","","","","","","","","","","2.3","2","2","2.3","2.3","2.3","2.3","2.3","2.3","2.3","2.3","2.3","2.8",
"Senegal","SEN","Terrestrial protected areas (% of total land area)","ER.LND.PTLD.ZS","","","","","","","","","","","","","","","","","","","","","","","","","","","","","","","","","","","","","","","","","","","","","","","","","","","","","","25.2","25.2","25.2","25.2","25.2","25.4","25.4","25.4","26.4","26.4","26.4","26.3","27.5",
"Singapore","SGP","Terrestrial protected areas (% of total land area)","ER.LND.PTLD.ZS","","","","","","","","","","","","","","","","","","","","","","","","","","","","","","","","","","","","","","","","","","","","","","","","","","","","","","5.4","5.8","5.6","5.6","5.6","5.6","5.6","5.6","5.6","5.6","5.6","4.6","4.6",
"Solomon Islands","SLB","Terrestrial protected areas (% of total land area)","ER.LND.PTLD.ZS","","","","","","","","","","","","","","","","","","","","","","","","","","","","","","","","","","","","","","","","","","","","","","","","","","","","","","2.2","2.2","2.2","2.2","2.2","2.2","1.8","1.8","1.8","2","2","2.4","2.4",
"Sierra Leone","SLE","Terrestrial protected areas (% of total land area)","ER.LND.PTLD.ZS","","","","","","","","","","","","","","","","","","","","","","","","","","","","","","","","","","","","","","","","","","","","","","","","","","","","","","9.4","9.4","9.4","9.4","9.4","9.4","9.4","9.4","12.7","12.7","12.7","12.6","12.6",
"El Salvador","SLV","Terrestrial protected areas (% of total land area)","ER.LND.PTLD.ZS","","","","","","","","","","","","","","","","","","","","","","","","","","","","","","","","","","","","","","","","","","","","","","","","","","","","","","8.4","8.4","8.8","8.8","8.8","8.8","8.8","8.6","8.6","8.6","8.6","8.3","8.3",
"San Marino","SMR","Terrestrial protected areas (% of total land area)","ER.LND.PTLD.ZS","","","","","","","","","","","","","","","","","","","","","","","","","","","","","","","","","","","","","","","","","","","","","","","","","","","","","","","","","","","","","","","","","","",
"Somalia, Fed. Rep.","SOM","Terrestrial protected areas (% of total land area)","ER.LND.PTLD.ZS","","","","","","","","","","","","","","","","","","","","","","","","","","","","","","","","","","","","","","","","","","","","","","","","","","","","","","","","","0.83","","","0","0","0","0","0","0","0",
"Serbia","SRB","Terrestrial protected areas (% of total land area)","ER.LND.PTLD.ZS","","","","","","","","","","","","","","","","","","","","","","","","","","","","","","","","","","","","","","","","","","","","","","","","","","","","","","7.4","6.7","6.7","6.6","6.6","6.6","7.6","7.6","7.6","8.1","8.1","13.4","14",
"Sub-Saharan Africa (excluding high income)","SSA","Terrestrial protected areas (% of total land area)","ER.LND.PTLD.ZS","","","","","","","","","","","","","","","","","","","","","","","","","","","","","","","","","","","","","","","","","","","","","","","","","","","","","","16.2371170039756","15.5351921921822","15.7290065466502","16.4091296611454","16.619053519295","16.3224903664486","16.0067133756438","16.3619211109475","16.3815465740697","16.4277474886015","16.8077033491207","17.0224989005217","17.2718913081555",
"South Sudan","SSD","Terrestrial protected areas (% of total land area)","ER.LND.PTLD.ZS","","","","","","","","","","","","","","","","","","","","","","","","","","","","","","","","","","","","","","","","","","","","","","","","","","","","","","20","15.5","15.5","15.5","15.5","15.5","15.5","15.5","15.5","15.5","15.5","15.4","15.4",
"Sub-Saharan Africa","SSF","Terrestrial protected areas (% of total land area)","ER.LND.PTLD.ZS","","","","","","","","","","","","","","","","","","","","","","","","","","","","","","","","","","","","","","","","","","","","","","","","","","","","","","16.346417787249","15.6782461510863","15.8627406327756","16.5101589410746","16.7099882752322","16.3844264485219","16.0819565193878","16.3505686040101","16.4113969245021","16.4554346185725","16.8176001755824","17.0224710247937","17.2601863744169",
"Small states","SST","Terrestrial protected areas (% of total land area)","ER.LND.PTLD.ZS","","","","","","","","","","","","","","","","","","","","","","","","","","","","","","","","","","","","","","","","","","","","","","","","","","","","","","13.9834624352049","14.4125718006193","14.7924387345542","14.9917766929341","15.2457960030916","15.4740161146546","15.7725600172025","16.0763878701374","16.1369693679074","16.2207364398625","16.2207364398625","16.5013789773982","16.4966966426803",
"Sao Tome and Principe","STP","Terrestrial protected areas (% of total land area)","ER.LND.PTLD.ZS","","","","","","","","","","","","","","","","","","","","","","","","","","","","","","","","","","","","","","","","","","","","","","","","","","","","","","0","0","29.3","29.3","29.3","29.3","29.3","29.3","29.3","29.3","29.3","31.7","31.7",
"Suriname","SUR","Terrestrial protected areas (% of total land area)","ER.LND.PTLD.ZS","","","","","","","","","","","","","","","","","","","","","","","","","","","","","","","","","","","","","","","","","","","","","","","","","","","","","","14.5","14.5","14.5","14.5","14.5","14.5","14.5","14.5","14.5","14.5","14.5","14.8","14.8",
"Slovak Republic","SVK","Terrestrial protected areas (% of total land area)","ER.LND.PTLD.ZS","","","","","","","","","","","","","","","","","","","","","","","","","","","","","","","","","","","","","","","","","","","","","","","","","","","","","","35.9","36.8","36.8","37.3","37.3","37.6","37.6","37.6","37.6","37.6","37.6","37.5","37.5",
"Slovenia","SVN","Terrestrial protected areas (% of total land area)","ER.LND.PTLD.ZS","","","","","","","","","","","","","","","","","","","","","","","","","","","","","","","","","","","","","","","","","","","","","","","","","","","","","","54.9","53.6","53.6","53.6","53.6","53.6","53.6","40.4","40.4","40.4","40.4","40.5","40.4",
"Sweden","SWE","Terrestrial protected areas (% of total land area)","ER.LND.PTLD.ZS","","","","","","","","","","","","","","","","","","","","","","","","","","","","","","","","","","","","","","","","","","","","","","","","","","","","","","14.6","14.8","14.9","14.5","14.9","14.9","14.4","14.5","14.5","15.4","15.4","15.5","15.8",
"Eswatini","SWZ","Terrestrial protected areas (% of total land area)","ER.LND.PTLD.ZS","","","","","","","","","","","","","","","","","","","","","","","","","","","","","","","","","","","","","","","","","","","","","","","","","","","","","","3","4","4","4.1","4.1","4.2","4.3","4.3","4.3","4.3","4.3","4.2","4.2",
"Sint Maarten (Dutch part)","SXM","Terrestrial protected areas (% of total land area)","ER.LND.PTLD.ZS","","","","","","","","","","","","","","","","","","","","","","","","","","","","","","","","","","","","","","","","","","","","","","","","","","","","","","","","","0","0","0","0","0","0.7","0.7","0.7","0.8","0.1",
"Seychelles","SYC","Terrestrial protected areas (% of total land area)","ER.LND.PTLD.ZS","","","","","","","","","","","","","","","","","","","","","","","","","","","","","","","","","","","","","","","","","","","","","","","","","","","","","","42.1","42.1","42.1","42.1","42.1","42.1","49.6","61.5","61.5","61.5","61.5","68.1","68.1",
"Syrian Arab Republic","SYR","Terrestrial protected areas (% of total land area)","ER.LND.PTLD.ZS","","","","","","","","","","","","","","","","","","","","","","","","","","","","","","","","","","","","","","","","","","","","","","","","","","","","","","0.7","0.7","0.7","0.7","0.7","0.7","0.7","0.7","0.7","0.7","0.7","0.7","0.7",
"Turks and Caicos Islands","TCA","Terrestrial protected areas (% of total land area)","ER.LND.PTLD.ZS","","","","","","","","","","","","","","","","","","","","","","","","","","","","","","","","","","","","","","","","","","","","","","","","","","","","","","44.4","44.4","44.4","44.4","44.4","44.4","44.4","44.4","44.4","44.4","44.4","43.5","43.5",
"Chad","TCD","Terrestrial protected areas (% of total land area)","ER.LND.PTLD.ZS","","","","","","","","","","","","","","","","","","","","","","","","","","","","","","","","","","","","","","","","","","","","","","","","","","","","","","18.6","18.6","18.6","20.4","20.4","20.4","20.4","21","21","21","21","21","21",
"East Asia & Pacific (IDA & IBRD countries)","TEA","Terrestrial protected areas (% of total land area)","ER.LND.PTLD.ZS","","","","","","","","","","","","","","","","","","","","","","","","","","","","","","","","","","","","","","","","","","","","","","","","","","","","","","15.4152005511068","15.5407472178949","15.5765840666703","15.5848395424298","15.6143846497684","14.7360117996537","14.7578455324521","15.0280422060341","15.037387453486","15.0377535215488","15.0421038891496","15.0137835887992","15.0184862434265",
"Europe & Central Asia (IDA & IBRD countries)","TEC","Terrestrial protected areas (% of total land area)","ER.LND.PTLD.ZS","","","","","","","","","","","","","","","","","","","","","","","","","","","","","","","","","","","","","","","","","","","","","","","","","","","","","","10.1697880557379","8.88326078701051","8.88850813552437","9.01222304300978","9.01687991064795","9.01687991064795","9.05730495104949","11.1750453140599","11.6749827996164","11.6876666978711","11.6867705638415","12.0210626363536","12.1181369744698",
"Togo","TGO","Terrestrial protected areas (% of total land area)","ER.LND.PTLD.ZS","","","","","","","","","","","","","","","","","","","","","","","","","","","","","","","","","","","","","","","","","","","","","","","","","","","","","","27.8","27.6","27.6","27.6","27.6","27.6","27.6","28","28","28","28","28.1","27.9",
"Thailand","THA","Terrestrial protected areas (% of total land area)","ER.LND.PTLD.ZS","","","","","","","","","","","","","","","","","","","","","","","","","","","","","","","","","","","","","","","","","","","","","","","","","","","","","","18.9","18.8","18.8","18.8","18.8","18.8","18.8","18.5","18.5","18.5","18.5","18.4","18.4",
"Tajikistan","TJK","Terrestrial protected areas (% of total land area)","ER.LND.PTLD.ZS","","","","","","","","","","","","","","","","","","","","","","","","","","","","","","","","","","","","","","","","","","","","","","","","","","","","","","19.7","22.3","22.3","22.3","22.3","22.3","22.3","22.3","22.3","22.3","22.3","22.6","22.6",
"Turkmenistan","TKM","Terrestrial protected areas (% of total land area)","ER.LND.PTLD.ZS","","","","","","","","","","","","","","","","","","","","","","","","","","","","","","","","","","","","","","","","","","","","","","","","","","","","","","3.3","3.2","3.2","3.2","3.2","3.2","3.2","3.2","3.2","3.2","3.2","4.3","4.3",
"Latin America & the Caribbean (IDA & IBRD countries)","TLA","Terrestrial protected areas (% of total land area)","ER.LND.PTLD.ZS","","","","","","","","","","","","","","","","","","","","","","","","","","","","","","","","","","","","","","","","","","","","","","","","","","","","","","22.3220014077769","23.7977465557566","23.5159626271913","23.1658191827351","23.1679617402194","23.4557464286186","23.9264152179887","24.1441195746163","24.1993578451014","24.2253200654077","24.3526074938097","24.4921326188914","24.4786346689626",
"Timor-Leste","TLS","Terrestrial protected areas (% of total land area)","ER.LND.PTLD.ZS","","","","","","","","","","","","","","","","","","","","","","","","","","","","","","","","","","","","","","","","","","","","","","","","","","","","","","8.7","8.7","8.7","13.1","13.1","13.1","16","16","16","16","16","16.1","16.1",
"Middle East, North Africa, Afghanistan & Pakistan (IDA & IBRD)","TMN","Terrestrial protected areas (% of total land area)","ER.LND.PTLD.ZS","","","","","","","","","","","","","","","","","","","","","","","","","","","","","","","","","","","","","","","","","","","","","","","","","","","","","","5.62275734397294","9.73898303958588","6.85358199035716","7.13378080897078","7.13469903485123","7.13469903485123","7.14663597129703","5.57816341985715","5.48986044788535","5.48986044788535","5.48986044788535","6.11199959994788","5.96581185983765",
"Tonga","TON","Terrestrial protected areas (% of total land area)","ER.LND.PTLD.ZS","","","","","","","","","","","","","","","","","","","","","","","","","","","","","","","","","","","","","","","","","","","","","","","","","","","","","","15.9","15.9","15.9","15.9","15.9","15.9","12.6","12.6","12.6","12.6","12.6","13.3","13.3",
"South Asia (IDA & IBRD)","TSA","Terrestrial protected areas (% of total land area)","ER.LND.PTLD.ZS","","","","","","","","","","","","","","","","","","","","","","","","","","","","","","","","","","","","","","","","","","","","","","","","","","","","","","6.90941687245173","7.41907457462499","7.63259183649081","7.64114000593009","7.6411488226522","7.6411488226522","7.6411488226522","7.66088940268487","8.98955821161921","8.98955821161921","8.98955821161921","9.1744358491451","9.18986010694826",
"Sub-Saharan Africa (IDA & IBRD countries)","TSS","Terrestrial protected areas (% of total land area)","ER.LND.PTLD.ZS","","","","","","","","","","","","","","","","","","","","","","","","","","","","","","","","","","","","","","","","","","","","","","","","","","","","","","16.346417787249","15.6782461510863","15.8627406327756","16.5101589410746","16.7099882752322","16.3844264485219","16.0819565193878","16.3505686040101","16.4113969245021","16.4554346185725","16.8176001755824","17.0224710247937","17.2601863744169",
"Trinidad and Tobago","TTO","Terrestrial protected areas (% of total land area)","ER.LND.PTLD.ZS","","","","","","","","","","","","","","","","","","","","","","","","","","","","","","","","","","","","","","","","","","","","","","","","","","","","","","32.1","32.1","30.6","30.6","30.6","30.6","30.6","30.6","30.6","30.6","30.6","30.6","30.6",
"Tunisia","TUN","Terrestrial protected areas (% of total land area)","ER.LND.PTLD.ZS","","","","","","","","","","","","","","","","","","","","","","","","","","","","","","","","","","","","","","","","","","","","","","","","","","","","","","5.4","5.4","5.4","7.9","7.9","7.9","7.9","7.9","7.9","7.9","7.9","7.9","7.9",
"Turkiye","TUR","Terrestrial protected areas (% of total land area)","ER.LND.PTLD.ZS","","","","","","","","","","","","","","","","","","","","","","","","","","","","","","","","","","","","","","","","","","","","","","","","","","","","","","2.5","0.2","0.2","0.2","0.2","0.2","0.2","0.2","7","7","7","7","7",
"Tuvalu","TUV","Terrestrial protected areas (% of total land area)","ER.LND.PTLD.ZS","","","","","","","","","","","","","","","","","","","","","","","","","","","","","","","","","","","","","","","","","","","","","","","","","","","","","","2","2","2","2","2","2","13.2","13.2","13.2","13.2","13.2","20.2","20.2",
"Tanzania","TZA","Terrestrial protected areas (% of total land area)","ER.LND.PTLD.ZS","","","","","","","","","","","","","","","","","","","","","","","","","","","","","","","","","","","","","","","","","","","","","","","","","","","","","","31.9","31.9","31.9","38.1","38.1","38.2","38.2","38.2","38.2","38.4","39.9","40","39.9",
"Uganda","UGA","Terrestrial protected areas (% of total land area)","ER.LND.PTLD.ZS","","","","","","","","","","","","","","","","","","","","","","","","","","","","","","","","","","","","","","","","","","","","","","","","","","","","","","16.1","16.1","16.1","16.1","16.1","16.1","16.1","16.1","16.1","16.1","16.1","16.1","16.1",
"Ukraine","UKR","Terrestrial protected areas (% of total land area)","ER.LND.PTLD.ZS","","","","","","","","","","","","","","","","","","","","","","","","","","","","","","","","","","","","","","","","","","","","","","","","","","","","","","4","4","4","4","4","4","4","4.3","13","13","13","16.8","17.1",
"Upper middle income","UMC","Terrestrial protected areas (% of total land area)","ER.LND.PTLD.ZS","","","","","","","","","","","","","","","","","","","","","","","","","","","","","","","","","","","","","","","","","","","","","","","","","","","","","","15.0758047287271","15.672169531864","15.4733155697966","15.4652841853156","15.4905720924435","15.1565145700862","15.3514662847839","15.7140504054594","16.0110699811552","16.0461837438098","16.1050727622273","16.2979569961965","16.2502606012496",
"Uruguay","URY","Terrestrial protected areas (% of total land area)","ER.LND.PTLD.ZS","","","","","","","","","","","","","","","","","","","","","","","","","","","","","","","","","","","","","","","","","","","","","","","","","","","","","","2.7","2.7","2.7","3.4","3.4","3.4","3.6","3.7","3.7","3.7","3.7","3.1","3.1",
"United States","USA","Terrestrial protected areas (% of total land area)","ER.LND.PTLD.ZS","","","","","","","","","","","","","","","","","","","","","","","","","","","","","","","","","","","","","","","","","","","","","","","","","","","","","","13.6","13.1","13.1","13","13.5","13","13","11.8","13","13","12.9","12.9","12.9",
"Uzbekistan","UZB","Terrestrial protected areas (% of total land area)","ER.LND.PTLD.ZS","","","","","","","","","","","","","","","","","","","","","","","","","","","","","","","","","","","","","","","","","","","","","","","","","","","","","","3.4","3.4","3.4","3.4","3.4","3.4","3.4","5.8","5.8","5.8","9.5","9.5","14.1",
"St. Vincent and the Grenadines","VCT","Terrestrial protected areas (% of total land area)","ER.LND.PTLD.ZS","","","","","","","","","","","","","","","","","","","","","","","","","","","","","","","","","","","","","","","","","","","","","","","","","","","","","","10.9","22.4","22.4","22.4","22.4","22.4","22.4","22.4","22.4","22.4","22.4","22.6","22.6",
"Venezuela, RB","VEN","Terrestrial protected areas (% of total land area)","ER.LND.PTLD.ZS","","","","","","","","","","","","","","","","","","","","","","","","","","","","","","","","","","","","","","","","","","","","","","","","","","","","","","54.1","54.1","54.1","54.1","54.1","54.1","54.1","56.9","56.9","56.9","56.9","56.8","56.8",
"British Virgin Islands","VGB","Terrestrial protected areas (% of total land area)","ER.LND.PTLD.ZS","","","","","","","","","","","","","","","","","","","","","","","","","","","","","","","","","","","","","","","","","","","","","","","","","","","","","","5","8.8","8.8","8.8","9.1","9.1","9.1","9.1","9.1","9.1","9.1","10.5","10.5",
"Virgin Islands (U.S.)","VIR","Terrestrial protected areas (% of total land area)","ER.LND.PTLD.ZS","","","","","","","","","","","","","","","","","","","","","","","","","","","","","","","","","","","","","","","","","","","","","","","","","","","","","","14.9","14.6","14.6","13.8","13.8","13.8","13.8","13.3","14.4","14.4","14.4","13.3","13.3",
"Viet Nam","VNM","Terrestrial protected areas (% of total land area)","ER.LND.PTLD.ZS","","","","","","","","","","","","","","","","","","","","","","","","","","","","","","","","","","","","","","","","","","","","","","","","","","","","","","6.5","6.5","7.6","7.6","7.6","7.6","7.6","7.6","7.6","7.6","7.6","7.6","7.6",
"Vanuatu","VUT","Terrestrial protected areas (% of total land area)","ER.LND.PTLD.ZS","","","","","","","","","","","","","","","","","","","","","","","","","","","","","","","","","","","","","","","","","","","","","","","","","","","","","","4.2","4.2","4.2","4.2","4.2","4.2","4.2","4.2","4.2","4.2","4.2","4.2","4.8",
"World","WLD","Terrestrial protected areas (% of total land area)","ER.LND.PTLD.ZS","","","","","","","","","","","","","","","","","","","","","","","","","","","","","","","","","","","","","","","","","","","","","","","","","","","","","","14.9506042467062","15.2132403594085","15.0035193003074","14.9041199815819","15.1288580936407","14.9669934398644","15.1117640378248","15.376921388502","15.7943117503873","15.8673258947028","16.0780830687328","16.4442551348079","16.511660312023",
"Samoa","WSM","Terrestrial protected areas (% of total land area)","ER.LND.PTLD.ZS","","","","","","","","","","","","","","","","","","","","","","","","","","","","","","","","","","","","","","","","","","","","","","","","","","","","","","6.8","6.8","6.8","6.8","7.3","7.3","7.3","8.2","8.2","8.2","8.2","7.8","7.9",
"Kosovo","XKX","Terrestrial protected areas (% of total land area)","ER.LND.PTLD.ZS","","","","","","","","","","","","","","","","","","","","","","","","","","","","","","","","","","","","","","","","","","","","","","","","","","","","","","","","","","","","","","","","","","",
"Yemen, Rep.","YEM","Terrestrial protected areas (% of total land area)","ER.LND.PTLD.ZS","","","","","","","","","","","","","","","","","","","","","","","","","","","","","","","","","","","","","","","","","","","","","","","","","","","","","","0.8","0.8","0.8","0.8","0.8","0.8","0.8","0.8","0.8","0.8","0.8","1.1","1.1",
"South Africa","ZAF","Terrestrial protected areas (% of total land area)","ER.LND.PTLD.ZS","","","","","","","","","","","","","","","","","","","","","","","","","","","","","","","","","","","","","","","","","","","","","","","","","","","","","","7","8.9","11.2","14.1","14.1","8","8.3","8.6","8.7","9.3","9.3","9.5","9.6",
"Zambia","ZMB","Terrestrial protected areas (% of total land area)","ER.LND.PTLD.ZS","","","","","","","","","","","","","","","","","","","","","","","","","","","","","","","","","","","","","","","","","","","","","","","","","","","","","","38","38","38","38","37.9","37.9","41.3","41.3","41.3","41.3","41.3","41.3","41.3",
"Zimbabwe","ZWE","Terrestrial protected areas (% of total land area)","ER.LND.PTLD.ZS","","","","","","","","","","","","","","","","","","","","","","","","","","","","","","","","","","","","","","","","","","","","","","","","","","","","","","28.1","26.7","26.7","27.2","27.2","27.2","27.2","27.2","27.2","27.2","28.3","28.3","28.3",
